{"cameraMode":{"drawMode":0,"name":"Shaded","section":"Shading Mode"},"sceneLighting":true,"audioPlay":false,"sceneViewState":{"m_AlwaysRefresh":false,"showFog":true,"showSkybox":true,"showFlares":true,"showImageEffects":true,"showParticleSystems":true,"showVisualEffectGraphs":true,"m_FxEnabled":true},"in2DMode":false,"pivot":{"x":3.09439754486084,"y":1.609034538269043,"z":-4.223384380340576},"rotation":{"x":0.32768872380256655,"y":0.016485661268234254,"z":-0.005707248114049435,"w":0.9446600079536438},"size":5.147918224334717,"orthographic":false}